wb,1987,1988,1989,1990,1991,1992,1993,1994,1995,1996,1997,1998,1999,2000,2001,2002,2003,2004,2005,2006,2007,2008,2009,2010,2011,2012,2013,2014,2015,2016,2017,2018,2019,2020,2021,2022,2023
1,0.6702632772391781,0.7526974579293836,0.802157966343507,1.1310622060617828,1.4,1.4,1.4,1.6,1.4,1.2,1.2,1.2,1.0,1.0,1.0,1.0,1.0,1.0,1.0,1.0,1.0,1.0373147853940234,1.135581596836398,1.0350033561594272,0.9772588185419071,1.1758139438003536,1.0468269925893794,1.017219643026312,1.317797883703283,1.375542421320803,1.1769872960623566,1.4686594618793076,1.5254508791728127,1.3254508791728128,1.355602200576056,1.4445027507200698,1.259337000960093
2,1.3333333333333333,2.0,2.2,2.2,2.6,2.4,1.6,1.4,1.4,1.2,1.6,2.2,2.4,2.4,2.4,2.4,2.2,2.2,2.0,2.4,2.6,2.6,2.6,3.2,2.8,2.8,3.0,2.8,2.4,2.4,2.2,2.0,2.0,2.0,2.0,2.0,2.0
6,1.3334927123656242,1.5001195342742182,1.6000956274193747,1.637019675618029,1.8,1.8,1.8,1.8,2.0,2.0,2.0,2.0,2.0,2.0,2.0,2.009430908806064,2.4094309088060637,2.4094309088060637,2.4094309088060637,2.4094309088060637,2.4,2.0621855141177443,2.079886646396949,2.2886816458508448,2.2694211880151647,2.3126240280850228,2.1296145369427704,2.0638603411510354,2.012666313216399,2.244838457928256,2.341674137731243,2.63667850546854,2.7000419248165284,2.436135023454667,2.3088481877909866,2.211012084897677,1.9910487953422535
16,0.7768847026489177,0.9025065008231514,0.8799034899069931,0.7364271439460484,0.8771284096069693,0.6742993842276397,0.818425005158469,0.8605267159099974,0.8144955023471642,0.8,1.0,0.8,0.8,1.2,1.2,1.395411675757924,1.5451350313289427,1.627431959509429,1.6663724385147565,1.6837731127003956,1.6306641263096988,1.6941103483609605,1.58404729475746,1.6059617328142302,1.7375780172348627,1.9378872664549962,2.14895476633008,2.376720891753094,2.515865974690997,2.3668490160847253,2.469156272808602,2.2449191953112377,2.2449191953112377,2.1339793853360742,2.182070920968207,1.921439657071212,1.8952528760949494
17,1.3520066477835309,1.5740927301890864,1.636423266875319,1.9929926992831852,2.3277525850985534,1.9314893652131953,1.9820051207033444,2.144438188073091,2.0616297058673334,2.081020030821956,2.446124170071752,2.3903400346065538,2.301984563944761,2.3862691851710913,2.455543069915667,2.543514680094701,2.7039779281971357,2.8052477870750483,2.7829056748902095,2.743486950870659,2.773307227527769,2.821624476523462,2.784700553778877,3.131171765281697,3.3530285130160493,3.2961023655196966,3.3552268062221073,3.6396541906567754,3.6396541906567754,3.695783913344689,3.7656956451204593,3.8549888918138193,3.4549888918138194,3.0687282711307726,2.806996614716544,2.6900096536284055,2.253346204837874
18,1.5614721994079837,1.4211041495559877,1.3368833196447902,1.7778423891056,2.2,1.8,2.4,2.8,2.8,2.616167524930913,2.9837453317921705,2.677696192686357,2.3557225463653904,2.1565477388930026,2.4441262567104265,2.521334916835588,2.572681720374036,2.758576671731782,2.7102723941171787,2.462259931483916,2.4495193394646466,2.6512332363417417,2.987311931304963,3.4347910163919537,3.7790574362768803,3.94701156130973,4.0,4.0,4.095159144975323,4.095159144975323,4.095159144975323,3.895159144975323,3.6854628753855927,3.4031457044970432,3.203145704497043,3.003932130621304,3.005242840828405
24,0.45198830827887404,0.5889912312091555,0.6711929849673244,0.8650089076144376,1.0,0.7999999999999999,0.8,0.8,0.6,0.8,1.0,1.0,1.0,1.2,1.0,1.0,1.0,1.0,1.0,1.0,1.0,1.0,1.0,1.2,1.2,1.2,1.4,1.4,1.4,1.2966733522957115,1.2966733522957115,1.304340857257154,1.304340857257154,1.0645266447867623,0.967853292491051,0.9598166156138136,0.6003096458826805
25,0.3467408294834617,0.26005562211259625,0.408044497690077,0.6800931095685636,0.8,1.0,1.4,1.4,1.4,1.4616039735918713,1.258293690160492,1.095909649019952,1.0467944401776481,1.1721313980356016,1.2554214851321663,1.3414136660302955,1.403716950816007,1.5023340950686204,1.3285507232082963,1.198876591011631,1.183770901827092,1.1820258060211815,1.332523870610872,1.5809702846132427,1.765750356121472,1.898174147839261,2.0,1.8,1.6,1.3460673728656962,1.3460673728656962,1.1680186391617053,1.3680186391617053,1.4416664991682493,1.4955991263025532,1.3694989078781914,1.4560797666775738
28,0.6607361923678093,0.745552144275857,0.7964417154206856,0.9052593864677279,1.0,1.0,1.0,1.0,1.0,1.0,1.0,1.0,1.0,1.0,1.0,1.0,0.8,0.8,0.8,0.8154434966107548,0.8154434966107548,1.0154434966107548,1.0191415180797825,1.2684840861413835,1.3283761796371008,1.4787611378416927,1.7540311977099088,1.6804488886505027,1.4208121403330467,1.25865026016398,1.3656825688605712,1.1480947395662515,1.3098266905974376,1.3802936363053593,1.467119926367954,1.2621283243334638,1.2533673814881243
29,0.6113240447519103,0.7084930335639327,0.7667944268511462,0.9396910171222845,1.0,1.0,1.0,1.0,1.0,1.0,0.7999999999999999,0.8,0.8,0.8,0.8,1.0,1.0,1.0,1.0,0.9939700149908826,0.9939700149908826,0.9939700149908826,0.9898242987059422,1.2595839605779606,1.347590508319103,1.3607214911562264,1.4637336031783514,1.3475117758888424,1.077752114016824,0.9957755512847989,0.9826445684476756,0.8796324564255507,1.049051659711493,0.8974302136000445,0.8974302136000445,0.8717877670000556,0.829050356000074
34,0.9459744939208011,1.2005181742652815,1.1824297239183077,1.3171742229783927,1.5288286960181199,1.5587779111576423,1.4985195886701739,1.5877654889851707,1.566835307627314,1.6169692359203924,1.662967245423254,1.656867499627221,1.6883856876467689,1.9943550308838884,1.906031955332662,1.8880811976760832,1.8751485050138939,1.8309113484899444,1.6266257735361969,1.7537039728837285,1.8207708358456365,1.9136292710821536,1.8150871547654766,1.881297547029098,1.8635361719582448,2.206397517350571,2.6,2.8,3.0205904690223773,2.8205904690223766,2.8205904690223766,2.8205904690223766,2.9773761143279764,2.9813005814442577,3.1813005814442574,2.976625726805322,2.6355009690737625
35,0.43554621179356284,0.5766596588451721,0.6343780878501016,0.8864272071562433,1.1423078356185377,1.0634034889578328,1.206289272462071,1.4290148629462769,1.4200864367825368,1.461775226177932,1.7225056289819176,1.703722150802615,1.4688534053456213,1.5446920319860902,1.5353680562311687,1.5617616552713303,1.5674859507340477,1.6625884960563913,1.312044954374854,1.3607106540019394,1.3743858528284816,1.4555388031750098,1.5995290520514904,1.9995290520514906,2.032874405144166,2.4109795511341816,2.6,2.6,2.8,2.7327604574303894,2.73276045743039,2.834836061402218,2.8348360614022177,2.7932729938067267,2.860512536376337,2.5756406704704213,2.264061554007515
36,1.0820871956057416,1.3381386320650042,1.6206358789775777,1.907857069534063,2.1961317162470957,2.428805875844307,2.32496885005096,2.2346437594464783,2.1195609377190294,2.194072895266381,2.305420680551863,2.787999118056652,3.128199235335559,3.6,3.8,4.0,4.0,4.0,3.6,3.6,3.5349997772984727,3.334999777298473,3.2430564023973796,3.6430564023973795,3.3760067987845233,3.4147888327087363,3.4792441521814808,3.1711875270825742,2.9711875270825745,2.83823713069543,2.4559688381361093,2.5915135186633647,2.791513518663365,2.5915135186633647,2.765377308990237,2.96732973790859,2.6231063172114535
37,1.143756040147978,1.3759858074748639,1.3783335458186834,1.6670018135035254,1.7714017679482938,1.7300199859692331,1.787620977135909,1.8510461780818503,2.0092208154789404,2.137369413763453,2.2167221451278563,2.051707651390298,2.150225403198756,2.107938468613568,2.094204916254922,1.9833809439204413,2.0606440245624897,2.1235074714966986,1.9582406803322019,2.004961064058474,2.147706251853528,2.230156875032513,2.127805575505113,2.413289921277536,2.5168958435121054,2.6668352231412547,3.0,3.2,3.0,2.8426019157380895,2.8426019157380895,2.50264967893341,2.50264967893341,2.626174056576923,2.7835721408388334,2.7294651760485418,2.8725406294058557
38,1.11698454506402,1.260303814598209,1.2903172038116946,1.4482811215064824,1.585372064910747,1.4680288291698922,1.5623100529690774,1.6241971703114992,1.7095699624781961,1.7300877254448466,1.772274978756124,1.6819319688932937,1.6436634549190632,1.636760418897654,1.688900630646586,1.6897858765576999,1.7103998124189403,1.812109652415436,1.6980706914225627,1.671013753331889,1.7558423123353246,1.787733340680108,1.6684997095437673,2.0008071592014214,2.113600482727091,2.189948841465881,2.2965385136550447,2.417393053640729,2.269990149093579,2.1257874113898034,2.162472380973239,2.0872054813785006,2.0502799174691706,1.9670640964120434,2.0071144840560216,1.9097931926630982,1.8366937979225328
44,0.6694383801278319,0.6494815673327907,0.6497457494948702,0.6758044480761246,0.8084509303710627,0.8088348686698479,0.8071308677395251,0.8465777250369083,0.9235575735338586,0.921649938176001,0.8887640163646772,0.9696501963987554,1.0000428434727344,0.9822114192086036,0.9743903226500041,0.9971044048932889,1.0,1.0,1.0,1.0,1.0,1.054094115351179,1.0131100311134673,1.2297218276033646,1.289517957364221,1.3175531343943718,1.382492219234246,1.4232460718485769,1.2066342753586796,1.1468381455978232,1.1188029685676724,0.9997697683766195,1.0,1.0,1.0,1.0,1.0
45,0.7670018471966632,0.8695440131855823,0.9197747504135105,0.9345784434968429,1.0206684306174192,0.9806953266784333,0.972117510553294,1.01952338986966,1.1461864898131655,1.1759501166715947,1.1717662675376357,1.2158060194123042,1.1585544663984284,1.1483798335369673,1.2009560459126984,1.2221879047198752,1.2348256203840773,1.2714285244227623,1.3204682694214882,1.2706498626786633,1.3912817030046338,1.400205856335032,1.410836428486571,1.6256755872781454,1.716410837152846,1.6946373174890947,1.767995429783987,1.6840432569061057,1.490678439002212,1.489936682441324,1.548301603503916,1.4490511888931754,1.5506472263859268,1.453602690569092,1.4243515442653125,1.326142015203442,1.3239133458400072
46,1.336552656343347,1.2762814832750786,1.3071971349759255,0.9679694920342486,1.178716160846114,1.0465947624711902,1.0167965196771267,1.0482191335342566,1.3494435311542923,1.3097272461168585,1.436824444077987,1.6934849652494328,1.6540247321467116,1.6425495873578513,1.6644620736083637,1.743514777678973,1.6975589064875358,1.6194245773772642,1.5000032307171312,1.6,1.6,1.6,1.8,2.4,2.4,2.4,2.4,2.2,1.8,1.666370362099153,1.666370362099153,1.466370362099153,1.5472574769264913,1.5472574769264913,1.60324383210327,1.5040547901290875,1.67207305350545
47,1.5506187678014127,1.6629640758510595,1.7303712606808475,1.7456253329034213,2.4,2.4,2.0,1.6,1.4,1.0,0.8,1.2,1.4,1.6,1.4,1.4,1.4,1.2,1.0,1.2,1.8,1.6,1.8,2.0,2.0,1.6,1.6,1.6,1.6,1.4,1.4,1.6,1.8,1.6,1.6,1.5,1.3333333333333333
48,1.8136982342018968,2.1102736756514227,2.193859999271937,2.640701066757347,2.9056410587507986,2.9056410587507986,2.9056410587507986,3.0,3.0,2.8865611869257144,2.7518905248020245,2.702708601276559,2.5692570154886147,2.5757318338289985,2.6981299649612707,2.605998433580548,2.5151344506431528,2.4803098289520094,2.1875854318915513,2.115450336216297,2.34225252972071,2.343590326226807,2.311866533705895,2.598116112425969,2.6612918900432367,2.6612918900432367,2.8,2.8,2.8,2.7259993045809465,2.7259993045809465,2.7259993045809465,2.8279100699954958,2.627910069995496,2.6501653883342637,2.5627067354178297,2.4169423138904396
49,0.6883542743693063,0.9556382467272271,0.9527434429411331,0.9229983772104664,1.1374742898035568,1.1069247815697978,0.7961715701467365,0.81903357876676,0.8129548397652414,0.7041517485755721,0.6765987031157928,0.8743696738603273,0.783133806064886,0.9333514837926575,0.9545480320890342,0.9444692026704834,0.9590782667917178,1.0124365566371174,0.943127892357907,0.9563832650017998,1.2245646481138888,1.1666509150062212,0.9934336387768882,1.0053345067749835,0.995211123095238,0.7952111230952379,0.8,1.0,1.0,1.096814339924248,1.096814339924248,1.1633863307084393,0.9633863307084394,0.9117419621495406,0.8149276222252926,0.7686595277816157,0.5805927190685021
56,0.75104172621689,0.6951206897663718,0.7379628764407589,0.6288902876037705,0.7941084251112358,0.7598102826421951,0.7501242478541038,0.7664547378129086,0.9335133366960429,0.9109295359453494,0.9966093328010815,1.1727652039345942,1.2015244944819536,1.2152384902094728,1.3349997999151662,1.3646922171204974,1.3370913864714475,1.2991450775542024,1.3692196643519001,1.3123233779527155,1.360558859074968,1.4281277854678662,1.5054938478464823,1.579169733232685,1.6060398957590956,1.5494785042408068,1.6424087386580428,1.5925174661775796,1.5003992323673963,1.4950666410237223,1.4675568880461873,1.2346754589713864,1.2731040624245444,1.248989055914207,1.2093950415779542,1.1949397229853946,1.306655874789412
57,0.75104172621689,0.6951206897663718,0.7379628764407589,0.6288902876037705,0.7941084251112358,0.7598102826421951,0.7501242478541038,0.7664547378129086,0.9335133366960429,0.9109295359453494,0.9966093328010815,1.1727652039345942,1.2015244944819536,1.2152384902094728,1.3349997999151662,1.3646922171204974,1.3370913864714475,1.2991450775542024,1.3692196643519001,1.3123233779527155,1.360558859074968,1.4281277854678662,1.5054938478464823,1.579169733232685,1.6060398957590956,1.5494785042408068,1.6424087386580428,1.5925174661775796,1.5003992323673963,1.4950666410237223,1.4675568880461873,1.2346754589713864,1.2731040624245444,1.248989055914207,1.2093950415779542,1.1949397229853946,1.306655874789412
59,0.13479156939943673,0.35109367704957756,0.28087494163966203,0.4808749416396621,0.5086796056466325,0.6560348862625626,0.46729459836823883,0.5488216084639453,0.48845329231353907,0.7797736866669065,0.6324184060509765,0.6211586939453002,0.7034653809054249,0.7484554351129111,0.41012459740706386,0.42641221164685456,0.5990601060532956,0.6352264089974644,0.4853941085302907,0.630650940321376,0.8523946754530061,0.7781164730661512,0.6849323338529933,0.850142896263087,0.9051248475761579,0.914647344681146,0.9979977368091163,1.091181876022274,0.891181876022274,0.8292739306239651,0.6635358351365397,0.6818157509889833,0.6818157509889833,0.7503652510321613,0.7304830143939092,0.8108340792561572,0.747778772341543
62,0.5189506210813544,0.6392129658110157,0.7516313757882861,0.8840314760563492,1.1023675970706972,1.0750342337862056,1.0827871742542765,1.1477142292522038,1.1068173797906575,1.1334556558506759,1.220741266500579,1.2129883260325083,1.0865092326056582,1.2369936645148987,1.2200434076544204,1.275937804826233,1.361272093463676,1.3579181635609856,1.4046590508039274,1.364371921982238,1.444987824775782,1.4686382186546894,1.6166494812139718,1.6180743733221816,1.792611844583098,1.8176212705723607,1.9007856402158243,1.7774193428486815,1.8435183461617286,1.8171584781490773,1.8290247285259114,1.836875676366097,2.0368756763660967,1.8901514742573036,1.776156188615952,1.6741006403123189,1.5654675204164252
68,1.209027232795942,1.6567704245969566,1.9254163396775652,2.525416339677565,2.8,3.0,3.0,3.0,3.0,3.0392840097218343,3.0287524397290597,3.046042684424475,3.089850052317895,3.2383852098137558,3.2461548818195167,3.2566864518122918,3.4393962071168764,3.504490889547288,2.9923828895804068,3.0527479272089373,3.074322900630432,2.816789566638098,2.707887516314267,3.071460358785287,2.9640416394291607,3.142466666007666,3.2,3.2,3.2,3.2331417854091065,3.0331417854091063,3.242991733245611,3.242991733245611,3.06936742503751,3.036225639628403,3.045282049535504,2.710626152986498
72,1.1718951279874967,1.4027773078319048,1.460177516335617,1.4417967670287128,1.7222141394171504,1.5237247138236023,1.4243207513975726,1.5193549155618045,1.6178406505851406,1.6259236730937778,1.9438926235226723,2.224211816475676,2.1667945858280904,2.402103833982081,2.4402753804060273,2.4496751258643994,2.3165128754940993,2.334753802916867,2.063282388120399,2.1231193503186967,2.2035360744088033,2.250065621601382,2.3534435245333194,2.6911199561524604,2.707778192287107,2.857355138749292,2.9066295067219117,2.8094380727804684,2.8094380727804684,2.69491967408065,2.5359941013680434,2.5733524365731446,2.5733524365731446,2.5733524365731446,2.6041112052679467,2.5384484608685023,2.38459794782467
74,1.2344016240621412,1.675801218046606,1.5406409744372849,1.1859965015640217,1.4,1.4,1.0,1.0,1.2,1.0087929681079122,0.8087929681079125,0.848999761749363,0.6882397398444607,0.7635032541867788,0.6480341160016624,0.6911145689417579,0.7639011091192323,0.8224773146755581,0.7472138003332401,0.8612073962918053,1.2019981526103236,1.0378453581189575,0.952432495593181,1.074583273798447,1.1709651730746864,0.9870939638160726,1.0027765108180007,1.0364742405814675,0.9143234623762012,0.8106241372186009,0.8106241372186009,0.6380921574831047,0.5919911065939908,0.5919911065939908,0.5211200022806807,0.40140000285085087,0.5485481594778165
80,0.7675199572684503,0.8580625424858868,0.8864500339887094,1.0025859998601196,1.036539768190155,1.0150309633603205,1.0616281561493561,1.055187036226526,1.0869117254997358,1.0529579571697005,1.0148772172109168,0.9200573400613049,0.9264984599841352,0.9163654910448906,0.9646503712349108,0.9203042158206131,0.9425888405535501,1.0286289819746774,1.0354288565418195,0.980079957388656,1.0509464909884956,1.0365328337969717,0.9504926923758446,0.938525735684529,0.9455897546476724,0.9855863428084761,1.0,1.0,1.0,0.9638666820506403,0.9638666820506405,0.9638666820506405,0.9752216752169346,0.9752216752169346,1.023080478607993,1.0288505982599914,1.0384674643466554
82,0.43722898864963256,0.7264285453868062,0.7204933373287108,0.8444293505229581,0.9651480370089086,0.9857181896307878,0.8527665354440057,0.9237888200716089,0.8272672879227212,0.8331405285490531,0.7249387256543727,0.7966313696794515,0.7288478750789247,0.8080918413335159,0.8550199608579228,0.9357433389050505,0.9515610770929882,1.0123153720990934,0.921402541832185,0.8646653919263239,1.069917136240654,0.992471615516498,0.9186430555092644,1.2258174213687043,1.2585547286878902,1.1725796063264322,1.1236939716513734,1.1176576962739868,0.9186737265757519,0.8705117664145119,0.6705117664145119,0.6613453149546892,0.5378665642868619,0.34150787775816527,0.34150787775816527,0.4268848471977066,0.33940218911883885
83,0.5928079204046736,0.9446059403035052,0.9556847522428041,0.8,1.2,1.2,1.0,1.4,1.4,1.0,0.8,1.0,0.23499331150975059,0.4634963343927482,0.762382670023005,0.8703248403042769,0.6636779820256079,0.8286846705158574,0.8001816476328596,0.6117796080628605,0.810216649306159,0.8236202135335515,0.8236202135335515,0.6236202135335516,0.7131359174732941,0.8067567059487235,0.6,0.6,1.0561025673131113,1.0561025673131113,0.8561025673131113,1.0561025673131113,1.0792517911607038,0.8989175148500234,0.6989175148500234,0.6236468935625292,0.4981958580833723
84,0.7865170228802981,0.8741505143229682,1.0993204114583746,0.8993204114583746,1.0972368547274403,0.8793721194853363,0.8156315415500007,0.6604445004267055,0.7172250430285028,0.6430458185457135,0.8959706286199017,0.9364485892969674,0.8418008650450608,0.9850203224432634,0.9850541266192453,1.0517231368121158,1.04757555634019,1.0974103217153919,1.1597804100737545,1.1848033637328768,1.2287215947054089,1.2722775330035443,1.3606574493689334,1.4982873610105707,1.608596480356016,1.4672679276680918,1.5640856172390205,1.4757057008736312,1.3639803308790053,1.2286482578744382,1.4286482578744382,1.288274630005374,1.2674389091852074,1.2691125276174715,1.2691125276174715,1.0863906595218393,1.1151875460291192
85,1.3031363168628156,1.4773522376471115,1.5818817901176891,1.1818817901176892,1.4,1.4,1.2,1.4,1.8,1.8,2.0,2.2,1.8,1.8,1.6,1.4161834036144987,1.2161834036144987,1.0161834036144988,0.6324107534943225,0.8101683136664386,1.0956859888556028,1.1315127532933658,1.331512753293366,1.7674321365389012,1.7896745763667852,1.8200376439996457,1.7842108795618823,1.6972051404696582,1.6450584073442993,1.4450584073442994,1.3193836752291965,1.3193836752291965,1.5696614891688352,1.6420922309189407,1.8420922309189407,1.7946285207469002,2.0595046943292004
86,0.6666666666666666,0.75,0.8,0.8,0.7552553919922833,0.5820017988870133,0.6719044040206796,0.7232430442637704,1.0133788750382904,1.1247485128796888,1.2567538755160084,1.1810755970461924,0.9873972743377128,0.8890300501646496,0.7806512320247692,0.7055833830861297,0.7230398148338042,0.8172789799670633,0.6255103733656069,0.6590316127306248,0.7579708897967968,0.6713245761337712,0.7243243876692812,0.9698715510211734,1.018223033784027,1.0001157904571658,1.0689337607306368,0.908013247151716,0.8624660837998241,0.8223471499781514,0.8578311956464304,0.8439787806244599,0.9670640477141641,0.9743232582354426,0.9743232582354426,0.9679040727943033,0.9572054303924045
87,0.8527219880839968,0.8895414910629976,0.9116331928503982,0.711633192850398,0.8,0.6,0.6,0.4,0.4,0.4,0.6,0.6,0.8,1.0,1.0,1.0,1.0,1.0,1.2720371305521923,1.2051004344121337,1.2336633189161135,1.2552145337123304,1.2552145337123304,0.9831774031601384,1.050114099300197,1.0215512147962174,1.0,1.0,1.1585534759238663,1.1585534759238663,1.1585534759238663,1.1585534759238663,1.1026911807369166,1.0031103403470012,0.8031103403470012,0.7538879254337516,0.6718505672450021
89,0.5008803684166675,0.7916301441866255,0.8333041153493003,0.8507149682223287,0.974377303078659,1.0014024339271026,0.8185810301171224,0.8204119454763614,0.8194725764891693,0.8736213210552656,0.911451015788759,0.9724249806151647,0.9705940652559255,1.112078803633361,1.029139937969083,1.0126883308239363,1.0528496129505152,1.0642926213252621,1.0070260701605886,1.0767030633114267,1.2251392371771292,1.1869177919254699,1.1782721568943593,1.3609214995149173,1.372443370964461,1.3664952820732332,1.434077980116553,1.3634407726850555,1.1861411032881075,1.1147585666675783,1.0126111561461038,0.9321601659121386,1.0161816997060267,1.0161816997060267,1.0101487696471099,1.0126859620588873,1.0169146160785163
90,1.0,1.0,0.8,0.8,0.8,0.8,0.8,1.0,1.2,1.2,1.0,1.0,1.0,0.8,0.8,0.8,0.8,0.8,0.8,0.8,1.0,1.0505001271262933,1.0505001271262933,1.0505001271262933,1.0505001271262933,1.2505001271262932,1.2,1.2,1.225854566691551,1.225854566691551,1.025854566691551,0.8732223110365098,1.0732223110365098,1.166117451598766,1.366117451598766,1.4576468144984576,1.8645828454230122
92,1.0,1.0,1.0,1.0,1.2,1.0,1.0,1.0,1.0,1.0,1.0,1.0,1.0,1.0,1.0,1.0,1.0,1.0,1.0,1.0,1.0,1.2,1.2,1.6,1.8,1.8,1.6,1.6,1.2,1.0,1.0,1.0,1.0,1.0,1.0,1.0,1.0
93,1.3333333333333333,2.0,1.8,2.1233835567640638,2.5233835567640637,2.7233835567640634,2.3233835567640635,2.3233835567640635,2.0,1.8,1.8,2.0,2.4,3.0,3.2,3.0,3.0,3.0,2.8,2.8,3.0,2.946590077542747,2.495815954860349,2.286981227229181,2.0161969760571905,2.278397699344373,2.457652782264838,2.9084269049472367,3.117261632578405,3.1880458837503953,2.797918654625385,2.872073494162172,2.672073494162172,2.620831305606979,2.675081753143583,2.753760323726764,2.3383470983023518
95,0.6473406800514026,0.7209113438090617,0.7714142638721915,0.7401347853093632,0.8061539536429143,0.7900682687986409,0.7538278659043696,0.7851314727359355,0.8968306113299007,0.937191539443939,0.9362053395389165,1.0255530884129147,0.9958256331698893,1.0202061583355972,1.0538983450407309,1.0745247595802776,1.0768721208185665,1.0721422118235808,1.1553379049158625,1.1119462077255187,1.2275312464151606,1.229904353629828,1.2958382846124783,1.4154996186544933,1.4731231679237198,1.4462101212534806,1.5031517239919296,1.3547914157092664,1.2116061795838913,1.234135717644253,1.2608032313582238,1.1907843057582843,1.3302700003499095,1.2484742808013312,1.2293560534274774,1.1636648737078414,1.1630945672977882
96,0.7670018471966632,0.8695440131855823,0.9197747504135105,0.9345784434968429,1.0206684306174192,0.9806953266784333,0.972117510553294,1.01952338986966,1.1461864898131655,1.1759501166715947,1.1717662675376357,1.2158060194123042,1.1585544663984284,1.1483798335369673,1.2009560459126984,1.2221879047198752,1.2348256203840773,1.2714285244227623,1.3204682694214882,1.2706498626786633,1.3912817030046338,1.400205856335032,1.410836428486571,1.6256755872781454,1.716410837152846,1.6946373174890947,1.767995429783987,1.6840432569061057,1.490678439002212,1.489936682441324,1.548301603503916,1.4490511888931754,1.5506472263859268,1.453602690569092,1.4243515442653125,1.326142015203442,1.3239133458400072
101,0.0,0.0,0.0,-0.08708932423820288,-0.08708932423820288,-0.08708932423820288,-0.08708932423820288,-0.08708932423820288,0.0,0.2,0.2,0.2,0.2,0.2,0.2,0.21567703552190834,0.28410873957863675,0.38600121239520385,0.5711313890317979,0.41021443013933306,0.5597440850815516,0.5691474569341134,0.48595030079642,0.6046684862960501,0.7422113886450253,0.4732467431250377,0.6120234217081866,0.5933281050293127,0.2894797428930886,0.3128537994365782,0.481246199621873,0.2646344451294342,0.2646344451294342,0.19625797741908432,0.057180007342680784,-0.009318047233441762,-0.012424062977922349
102,0.06808558553761984,0.05106418915321488,0.04085135132257191,0.0,0.0,0.0,0.0,0.0,0.0,0.0,0.0,0.0,0.0,0.0,0.2,0.2,0.2,0.4,0.6,0.4,0.4940977428452952,0.5956803350507714,0.39568033505077144,0.39568033505077144,0.5956803350507714,0.5015825922054763,0.4,0.4,0.13831859695185128,0.13273710661505475,0.13273710661505475,0.13273710661505475,0.13273710661505475,0.16595560705849116,0.045177504129082634,0.056471880161353294,0.07529584021513773
103,0.0,0.0,0.0,0.0,0.0,0.0,0.2,0.2,0.2,0.2,0.2,0.0,0.0,0.0,0.2,0.2,0.2,0.2,0.3734816078298346,0.17910425048672324,0.2152735695603231,0.34011310652517546,0.46939993908211414,0.43761854178415793,0.5116437919914599,0.6536656977757023,0.8403967428184561,0.7111099102615175,0.7694096997296389,0.6897618068654483,0.7252575364279353,0.4136869544203293,0.5544538610511554,0.5544538610511552,0.6102359299471976,0.49568621940858537,0.6609149592114472
104,0.7171392483553302,0.881772328512207,0.9301100895625218,1.030678116494657,1.2180459222818285,1.1446173286801817,1.1243331260111014,1.178547275236459,1.1566795487283996,1.156166892285973,1.2398381177285178,1.2740211085563549,1.2149538230396129,1.3270927687604173,1.342305926022703,1.3863768387191155,1.4004991048561675,1.447064952630647,1.3430337266023844,1.3352859171657268,1.4338028235674467,1.4457475739942,1.4536298296596786,1.6555498479419803,1.729482660784567,1.7669459621156935,1.8153389353505076,1.8232138805125828,1.771075312183782,1.6858547603438463,1.6147879953746334,1.5804301193702959,1.5648589394867363,1.4898649748114052,1.468532448473512,1.4184223002478769,1.3426710407478268
105,0.3333333333333333,0.5,0.6,0.8,0.8,0.8,1.0,1.0,1.0,1.2,1.4,1.2,1.2,1.2,1.2,1.2,1.2,1.2,1.146397487988898,0.9445800107118167,1.0336466961338517,1.0352016736706509,1.0352016736706509,1.0888041856817527,1.290621662958834,1.401554977536799,1.4,1.4,1.46029578721097,1.509351034983272,1.309351034983272,1.309351034983272,1.309351034983272,1.1290833732442787,0.9270240041671467,0.9087800052089334,0.8783733402785779
106,0.2259880581390871,0.36994545481302665,0.4351295055770237,0.4032002992811445,0.5107295578684952,0.5817574063202641,0.3680772769482179,0.29802153838370404,0.2368947602017773,0.15002984716108356,0.022313068703765492,0.15067161970435122,0.12301085573208896,0.2700704567307378,0.2772775398320474,0.3090741458250705,0.38526167198388256,0.4296989959559376,0.5268759782600873,0.5028938035537308,0.6396550612963626,0.5399252242940987,0.45403126113221753,0.2540312611322174,0.20465282293548964,0.051499639752056695,0.0,0.0,0.0,0.11212804796497126,0.11212804796497126,0.14313487541556238,0.14313487541556238,0.12792016699533354,0.015792119030362272,0.01974014878795284,-0.025357847367048065
107,1.720867260784999,2.043729938462192,2.0349839507697536,2.025986232595984,1.8931313541601884,1.602463594298754,1.4,1.4,1.6,2.0,2.0,2.0,2.2,2.4,2.0,2.0,2.2,2.2,1.9276213527293045,2.19006486094515,2.3420981969067958,2.154405760293879,1.8094412038645977,2.0849482126899206,2.0180120397966634,2.0594389397266943,2.0182598249136663,2.2091101206875434,2.0059817591329163,2.010474423810328,1.817014187918651,1.845885739344596,1.7791668705278858,1.7791668705278858,1.8840670851474588,2.1050838564343235,2.140111808579098
108,0.3165098957892194,0.54107405445959,0.5985982890552966,0.6229372227510812,0.8090924827477952,0.8114942238814736,0.7035342190274716,0.7312011752835824,0.6996038228682112,0.6526265626282388,0.6245752731014302,0.6441211303453231,0.46348032498717034,0.5888642770586736,0.5813803513400587,0.6182898558219059,0.6146399238217961,0.6721823827135318,0.7108026179077056,0.6798994736447002,0.8123964739926931,0.814334087939782,0.8800263524365182,0.8770853291166683,0.9931371556798541,1.0016066832268837,1.055904930977275,0.9199050112032208,0.9199050112032208,0.8623979484970471,0.8219502139456726,0.7511974282940663,0.9511974282940663,0.8844607957711675,0.6844607957711676,0.587044587508621,0.5554389457951686
109,1.308363046706419,1.7047872658125691,1.6207484818421123,1.498432257751419,1.7484738000728128,1.5961085773699264,1.2640135869317397,1.2696183480416718,1.3161855885704505,1.2977605377450838,1.3199709542157088,1.4654517124562993,1.4364466451178752,1.6451635453374718,1.5952342073795664,1.6739517608531862,1.4901013079076424,1.4233722544823877,1.224707043395877,1.339188379488516,1.6260914547717928,1.7588904427564238,1.7921011332181138,2.3518465401113504,2.541146287467695,2.341146287467695,2.8,2.8,2.2926000698561757,1.9188357866815153,1.9188357866815149,1.318835786681515,1.318835786681515,1.3755497881897436,1.3493140713644038,1.1866425892055048,1.2488567856073398
110,0.2639002282826246,0.19425149622659765,0.29876491731840243,0.40872937992577585,0.6086006802580577,0.6269065014344017,0.8402317014195845,0.9022463725368792,0.8839438875865374,0.7695407712208426,0.8237879058497104,0.8134016458528242,0.6080232543984051,0.7212017149548784,1.0,1.0,1.0,1.2,1.1057420243917042,0.8494926906369231,0.8998118884242846,0.8998118884242846,0.8846530206136987,0.8801827556491417,0.9548203800262307,0.8942407217049073,0.9292873772017947,0.8699183365081499,0.9686465770810028,0.9502582864586948,0.9605187469926566,0.9254720914957695,0.9022447387311026,0.9022447387311026,0.8462564521737004,0.8078205652171255,0.743760753622834
111,1.3278138359032814,1.331583112709855,1.2593418753770114,1.5557433303546262,1.404643596726451,1.192127702719689,1.5235495140937736,1.7294741288846462,1.5016192635482362,1.8,1.8,1.4,1.6,1.8,1.8,2.2,2.6,2.4,2.6,2.4,2.0,2.0,2.2,2.2,2.4,2.8,2.8,2.6,2.8,3.0,3.0,3.0,3.0,2.6,2.6,2.5,2.3333333333333335
113,0.035192164229568466,0.14135488769918342,0.19500403773482672,0.05861653138975718,0.029628134665364604,0.0375012328520161,-0.054467378769589556,-0.13638750634506955,0.0,0.12159780255170641,0.12159780255170641,0.12159780255170641,0.12159780255170641,0.12159780255170641,0.0,0.0,0.0,0.0,0.2,0.24536890369081021,0.4453689036908102,0.4537199212783099,0.3654477279988452,0.2966942945103079,0.3868766716932682,0.11168256407140045,0.23771237668883902,0.32598456996830383,0.19473800345684106,0.05918672258307054,0.1343808302049383,0.0,0.0,-0.06750533671877197,-0.07762821753064733,-0.09703527191330917,-0.1293803625510789
114,0.3964067263990225,0.4441125820429126,0.4687370031187667,0.5377500338851361,0.6618286730958554,0.47878678943395625,0.5816311005674756,0.6407905235723517,0.7257488743258926,0.6922326034035322,0.8950919091613144,0.8748015682328788,0.7021952077435659,0.5482238262236556,0.6,0.4,0.4,0.6,0.8,0.7510597815028602,0.9510597815028603,0.9510597815028603,0.9510597815028603,0.9510597815028603,1.0,1.0,1.0,1.0,1.0,1.0,1.0,1.0,1.0,1.0,1.0,1.0,1.0
119,1.5920896428590945,1.6940672321443209,1.7552537857154569,1.9061043831826239,2.163271548970419,1.8,1.6,1.8,1.6,1.6,2.0,2.0,2.0,2.2,2.2,2.4,2.6,2.4,2.8,2.8,2.6,2.8,3.0,2.8,3.0,3.0,3.2,3.2,3.4,3.6,3.8,3.8,3.8,3.6,3.4,3.25,3.0
120,1.617719528297999,1.7132896462234992,1.829754048746032,1.874245358283193,1.7809554753553472,1.4591223317672326,1.4591223317672326,1.6,1.8,2.2,2.4,2.2,2.2,2.4,2.2,2.4,2.8,2.6,2.6,2.6,2.473602530245883,2.2736025302458827,2.2736025302458827,2.073602530245883,2.2736025302458827,2.2,2.4,2.4,2.8,3.087267693149711,3.287267693149711,3.4315870499234635,3.4315870499234635,3.044654777989544,2.7242868857170337,2.655358607146292,2.299945881572136
121,1.9937917746136968,2.2453438309602727,2.1962750647682183,2.32027517500729,2.595977598080047,2.0,1.6,1.4,1.4,1.4,1.4,1.6,1.8,1.8,1.6,1.6,1.4,1.2,1.2298682846963227,1.4298682846963229,1.6298682846963228,2.029868284696323,2.2298682846963227,2.4,2.6,2.8,2.8,2.8,2.661116350014891,2.4728085023136854,2.4728085023136854,2.2728085023136853,2.4728085023136854,2.5570522909057054,2.6047799841376635,2.505974980172079,2.6746333068961055
122,1.0,1.0,0.8,0.6,0.4,0.2,0.18847432662364602,0.3423603819163043,0.5321728105115526,0.7332992605311288,0.8385671803423318,0.8445815409539227,0.9374371671332794,0.9526134600306022,0.885184942095251,0.9302257104390422,0.9422177172165462,0.909284414937748,1.012774979246414,1.0046963207205428,1.035097891296597,1.0660447315177966,1.0576148992871848,1.1286131577910443,1.1906704382265638,1.2623881945608493,1.312346788239094,1.2024974966962865,1.0716771859060088,1.119121756859392,1.0475211587725892,0.9093566662312433,0.9794012052657781,1.0165839463947877,0.9814628214475313,1.0007942555862506,1.0856896151636017
123,0.3333333333333333,0.25,0.2,0.0,0.0,0.0,0.2,0.4,0.6,0.8,1.0,1.2,1.2,1.2,1.4,1.4,1.4,1.6,1.4902830047707871,1.2902830047707872,1.4902830047707871,1.4902830047707871,1.4902830047707871,2.0,2.2,2.4,2.2,2.0,1.6,1.6,1.4,1.4,1.4,1.6,1.6,1.5,1.6666666666666667
124,0.3333333333333333,0.25,0.2,0.2,0.2,0.0,0.0,0.4,0.6,0.8,0.8,1.0,0.6,0.6,0.6,0.8,0.7348858149340917,0.7766052426971248,0.7766052426971248,0.6587200915848611,0.7369042086441665,0.8020183937100749,0.9602989659470417,0.9602989659470417,1.2781841170593053,1.2,1.2,1.0,1.064110726483744,1.114980229606451,1.114980229606451,1.114980229606451,1.314980229606451,1.143260577370908,0.8778934171321191,0.8473667714151489,0.7964890285535319
125,0.07825969497981698,0.1602151460309169,0.1789853786362703,0.07114888980409671,0.012334620489380143,0.0997806912497671,0.06188873136400943,0.06423431574160163,0.17504184730716849,0.3783086949063971,0.4356566171831333,0.5360166538686235,0.6411785800168268,0.721093259513105,0.6274781226872758,0.619099702210719,0.6378306487046043,0.6400042819517199,0.4960681302755683,0.5533295093982213,0.6845188686057926,0.643193416001168,0.6512746030890106,0.8637119897885637,0.8209154485032487,0.8642894576594197,0.8650244536031589,0.7733073108371842,0.5463327351505507,0.42221618653981297,0.1986833163758917,0.07685844990631577,0.11823594622706177,0.2732145165883725,0.47321451658837255,0.5915181457354657,0.7886908609806209
127,0.8776622107734976,0.9630384758451678,0.993596230729057,1.0593938051315233,1.1563431109617368,1.086774713410306,1.125730763671227,1.1554133360440475,1.2108582055116655,1.2525705709895352,1.3011531227586872,1.3014261068945163,1.3182057884619875,1.380413068494915,1.3947852289026514,1.3944595862785047,1.3944928132879177,1.4135370272170729,1.3678099624113103,1.3536064434255994,1.428341399156378,1.4471303352697,1.4385034217955819,1.5804552219541197,1.6270251442688402,1.6930944489946547,1.7668511020709303,1.7588893712470504,1.711845630256936,1.6141854817956596,1.5874756366818523,1.5706717151087166,1.6095254653971331,1.5568072768765209,1.6171235023803505,1.584838909671897,1.5150562408380948
128,0.6666666666666666,0.75,0.8,0.6,0.6,0.6,0.6,0.6,0.6,0.6,0.8,0.8,0.8,1.0,1.0,1.0,1.0,1.0,1.0,0.8,0.8074617683890614,0.8074617683890614,0.8074617683890614,0.8074617683890614,1.0074617683890614,1.0,0.8,0.6,0.6,0.6,0.6,0.8,0.8,0.8,0.8,0.75,0.6666666666666666
129,0.0,0.0,0.0,0.0,0.0,0.0,0.0,0.0,0.0,0.12357760771505924,0.22051088742404018,0.36418773689985046,0.5130258342842267,0.6207242837512766,0.610873087421951,0.6255060124413572,0.6034943085548707,0.5282987744484767,0.5136682589011838,0.5999418475154503,0.6318304486808108,0.6321559952380149,0.7233024781755741,0.7466271397967483,0.613351555376013,0.5777593166837534,0.6014426456724168,0.6152490844817686,0.6988564889408371,0.6321320733615725,0.5242695061600846,0.5438207067408014,0.36522522171590827,0.3622772516675216,0.3622772516675216,0.45284656458440203,0.32842004991935564
130,0.0,0.0,0.0,0.0,0.0,0.0,0.0,0.0,0.0,0.0,0.0,0.0,0.0,0.0,0.0,0.0,0.0,0.0,0.0,0.2,0.2,0.2,0.2,0.2,0.0,0.0,0.0,0.0,-0.031159696455946472,-0.0698194785877502,-0.0698194785877502,-0.0698194785877502,-0.0698194785877502,0.023540207833634242,0.06219998996543798,0.07774998745679747,0.10366664994239662
131,0.0,0.0,0.0,0.0,0.0,0.0,0.0,0.0,0.0,0.0,0.0,0.0,0.0,0.0,0.0,0.0,0.0,0.0,0.0,0.051032905442022304,0.09125106219100512,0.09125106219100512,0.15105513448907146,0.16123640382762622,0.16621262454733013,0.10671677751172663,0.14814216180262832,0.14634306960153426,0.13616180026297953,0.08015267410125332,0.09943036438787398,0.058004980096972324,-0.09065960439772021,0.0693561955206859,0.0693561955206859,0.08669524440085738,0.11559365920114317
132,0.0,0.0,0.0,0.0,0.0,0.0,0.0,0.0,0.6,1.2,1.8,2.2,2.8,2.6,2.4,2.0,1.8,1.4,1.2,1.4,1.8,2.0,2.4,2.6,2.6,2.6,2.8,3.0,3.0,2.8,2.2,1.8,1.6,1.8,1.8,2.25,2.6666666666666665
133,1.7088618640579363,1.7816463980434523,1.8253171184347619,2.1027887631894657,2.4,1.8,1.8,2.0,2.2,2.2,2.6,3.0,2.8,2.8,3.0,3.2,3.0,3.0,2.4,2.4,2.2,2.4,2.8,3.6,3.6,3.8,3.8,3.4,3.4,3.4,3.4,3.4,3.4,3.4,3.4,3.25,3.0
136,0.8699384171660481,0.7671094021858997,0.8136875217487198,0.7580489657399992,1.193610065251954,1.091724471449091,1.2,1.4,1.4,1.2,1.2,1.8,1.8,2.0,2.6,3.0,2.8,2.8,3.0,2.628898711622246,2.8288987116222457,3.028898711622246,3.028898711622246,3.2288987116222456,3.4,3.2,2.8,3.0,3.0,2.8,2.4,2.4,2.2,1.6,1.6,1.75,1.6666666666666667
137,2.161212903285764,2.620909677464323,2.8967277419714583,3.5423945250020545,4.0,4.0,4.0,4.0,3.8,3.6,3.6,3.6,3.4,3.6,3.8,3.4,3.0,2.8,2.459033540118594,2.315395551427975,2.7153955514279753,2.904733528266017,3.0930562764248606,3.6478069778096627,3.8440325695401873,3.8661811487743747,4.119542153324225,3.9312194051653817,3.517435163661986,3.46484756062208,3.4378323903337984,3.2642703453119766,3.4642703453119763,3.2904176756740204,3.2904176756740204,3.1191053334101446,3.0435788839367395
138,0.8701461811007118,0.6526096358255339,0.9220877086604272,1.2754756476244729,1.6,1.4,1.6,1.6,1.4,1.2,1.2,1.4,1.2,1.2,1.4,1.6,1.4,1.6,1.6,1.5083946799404497,1.5083946799404497,1.6925470716650222,1.7927686222580994,2.2653159718175244,2.3892214584421354,2.282407861557625,2.301530849875862,2.071940152163929,1.6953101988535586,1.5177954772049893,1.6921928715059458,1.7420130899341442,1.8519481325093943,1.7143904331885795,1.8596049882720878,1.7400264885695527,1.5648759873077231
139,1.0992726331112854,1.2996110092803346,1.267610040293596,1.459387856145953,1.5917084969978625,1.409316512411814,1.4462563209203103,1.5886309881444571,1.6693711038677077,1.7014452017336819,1.7440480980435733,1.6810525983929459,1.5602318845358443,1.5157446657017348,1.5560239303366576,1.5539229129113374,1.5618026138678034,1.6552651856681302,1.6261529606855845,1.601071008991849,1.6682001692261106,1.7164366284054218,1.6632769530020013,2.023334951668391,2.221161977166545,2.2189557657715038,2.303374981746459,2.301944357143758,2.0730693707746823,1.9720093642211995,1.9819589115121956,1.7807426368992387,1.8105300506031703,1.69214111154261,1.584335558601468,1.5528654387337306,1.5815061884564068
140,0.680412641834053,0.8116749633357849,0.8565581974542763,0.8481591895474306,0.9472070985542361,0.9155304756587623,0.87243908974561,0.9117967188047948,1.0238552565468577,1.032023678175737,1.0144565065107047,1.0825747908522423,1.016515064032784,1.025953579820253,1.087814480290773,1.126347185330291,1.1168552561801994,1.1541140705463957,1.2257540181836617,1.1751429909269135,1.2918250540609797,1.3011958844890585,1.315325157763523,1.4900616730468283,1.5640067437646743,1.549881203240676,1.6381119186426047,1.5427186385603355,1.3899606947543972,1.384599350329793,1.4270159934087723,1.3169534354134669,1.4319578148542258,1.3127868860249634,1.2196299774274422,1.106709876574229,1.0686692642969848
141,1.1515539213803747,1.3031552552200119,1.3903694914334561,1.504657845249799,1.5973383347224306,1.6162562102750286,1.6050270343642363,1.6253236531486948,1.7100658638138662,1.7359848345321154,1.680851210478345,1.5835969822382,1.4615688091010248,1.4710003167862762,1.3890631632418262,1.3736225074054562,1.3961874639164065,1.474932882260748,1.301530676631728,1.371284527040235,1.426192262691066,1.4560989391560544,1.4959732161475756,1.9030576758959157,2.0543604599074827,2.203549938165546,2.447310751390682,2.223815314334935,1.833368643183831,1.775649702117327,2.080578884582768,1.9578722651437814,2.216634273958936,2.416634273958936,2.4661359127872022,2.082669890984003,2.0825027313804436
142,1.3638676373845702,1.2464921239501727,1.3304829384864625,1.3656531366067084,1.5008014930264155,1.2597461839901747,1.5092009671826634,1.575911727856339,1.6593011014963785,1.6252797948854885,1.7100730396882935,1.6527683308642587,1.5447544517304268,1.522329583761825,1.7496089586079535,1.9291400947128392,1.882808813152614,1.850963430694773,2.0306163829872985,1.7610339217316149,1.7568052158833356,1.8765066577372926,2.0730835704642847,2.1755158099488936,2.526149061801903,2.525812384699651,2.588719348016695,2.332001696881376,2.332001696881376,2.341469806000945,2.550179126817259,2.4428788121086327,2.642878812108633,2.3223908448574426,2.122390844857443,1.8493900409360124,1.7991867212480166
144,0.9142604037868137,0.9498367124717739,0.9975200304628882,0.9250738682003325,0.9756722712927142,0.9587198197079217,0.9525253646716078,0.959344675900249,1.049148250698944,1.0263047143814337,0.932529372563927,0.9927550581433582,0.921909478384747,0.9411085110690932,1.0039163580152874,1.0712358148904162,0.9927717442703891,1.0082786773301358,0.9846642891684898,0.9216711687163613,1.0037419111470265,1.0272833818204008,1.0557891545392928,1.2874489059984762,1.378843906596931,1.3964210974441635,1.4633065013795445,1.2456694036454068,1.0140096521862234,0.9456434614112131,1.0567005920466397,0.9587532674718385,1.1587532674718386,1.1587532674718386,1.2020058641104783,1.0282655428762686,1.0720876610643995
145,0.5740570553697926,0.6805427915273444,0.7444342332218755,0.8737671323608314,1.0,1.0,1.0,1.2,1.2,1.2,1.0,1.0,0.8,0.8,1.0,1.2,1.4,1.4,1.617466182291959,1.4199341582225256,1.5811474982222928,1.552763256282112,1.7527632562821123,1.7352970739901532,1.9328290980595866,1.9716157580598197,2.0,2.0,2.0917995067318906,2.2194139550252507,2.3119985022616762,2.2311660136844425,2.170372163426421,1.8785726566945304,1.7509582084011703,1.572967076455931,1.5653435829032982
146,0.5291346850960511,0.5294650616920433,0.6816376497031318,0.8413878514520764,1.071022587500908,0.8915835163736551,1.101360485510465,1.2337548725528638,1.167300683872464,1.120087209108703,1.305074985739686,1.1819131655620851,0.9165362116933584,1.007401695778744,1.2407035548373186,1.3909965359669971,1.398290148711784,1.473207115188615,1.7820301105022018,1.4634318291759316,1.4720721252409308,1.6297021707094743,1.7434419803856436,1.4102076896670708,1.7972218191684568,1.8289583136472356,1.8690403551260588,1.7553005454498893,2.1553005454498892,2.210418021379573,2.3166887759107397,2.3352814771853754,2.5352814771853756,2.1352814771853756,1.8174541306748633,1.623096802139363,1.4702877558158132
147,0.6666666666666666,0.75,0.8,1.0,1.0,1.0,1.0,1.0,1.0,1.0,0.8,0.8,0.8,0.8,0.8,0.8,0.8,0.8,0.8,0.6,0.8,0.8,0.8,0.8,1.0,1.0,1.0,1.0,1.0,1.0,1.0,1.0,1.0,1.0,1.0,1.0,1.0
154,1.0992726331112854,1.2996110092803346,1.267610040293596,1.459387856145953,1.5917084969978625,1.409316512411814,1.4462563209203103,1.5886309881444571,1.6693711038677077,1.7014452017336819,1.7440480980435733,1.6810525983929459,1.5602318845358443,1.5157446657017348,1.5560239303366576,1.5539229129113374,1.5618026138678034,1.6552651856681302,1.6261529606855845,1.601071008991849,1.6682001692261106,1.7164366284054218,1.6632769530020013,2.023334951668391,2.221161977166545,2.2189557657715038,2.303374981746459,2.301944357143758,2.0730693707746823,1.9720093642211995,1.9819589115121956,1.7807426368992387,1.8105300506031703,1.69214111154261,1.584335558601468,1.5528654387337306,1.5815061884564068
157,0.0,0.0,0.0,0.0,0.0,0.0,0.0,0.0,0.0,0.0,0.0,0.0,0.0,0.0,0.0,0.2,0.4,0.4,0.4,0.4,0.4,0.4,0.4,0.6,0.6,0.4,0.4,0.4,0.2,0.2,0.2,0.0,0.0,0.0,0.0,0.0,0.0
158,0.0,0.0,0.0,0.0,0.0,0.0,0.0,0.0,0.0,0.0,-0.016422864381133762,-0.045589409422294794,-0.0014924656537157021,0.013850388499239152,0.1029163855502675,0.11138708457235158,0.3335891728340835,0.4133412884130333,0.5979984342600785,0.5042504756688256,0.620104877243057,0.5538500011150267,0.4300009417674978,0.23000094176749783,0.2346829033077224,0.12678066709254066,0.0,0.2,0.21586731969963413,0.41586731969963414,0.41586731969963414,0.41586731969963414,0.19597557888527825,0.18010825918564408,0.18010825918564408,0.2251353239820551,0.30018043197607347
159,0.0,-0.07570448097371336,-0.017171350943400228,-0.040488524230232976,0.02456377282271956,-0.014997743404906599,-0.025206700269389964,-0.02431969130248084,-0.00039812909284421273,-0.028200770885421667,-0.0725846132386879,0.01877157231031714,-0.10185530087247316,-0.10245968979527705,-0.13970934505565213,-0.05576398647475973,-0.07634763038031071,0.0,0.0,0.0,0.10506431252318807,0.10506431252318807,0.10506431252318807,0.10506431252318807,0.10506431252318807,0.0,0.0,0.0,0.0,0.0,0.0,0.0,0.0,0.0,0.0,0.0,0.0
160,0.6666666666666666,0.8677302808403915,0.8804408009679087,0.8556895575807912,1.0933543154729997,0.9390042753951491,0.8446979366863241,0.9660419906982577,0.8930185231091039,0.8565277460327148,0.9782626491460196,1.0583415648614634,0.8882817091963225,0.9958655937926683,1.1370195805648469,1.2607104192006706,1.247454157395072,1.3190035298144323,1.3324416794676879,1.2108553427771738,1.2997768075538345,1.343719150835448,1.3515690673572072,1.5967413168911264,1.7795971643151205,1.7134923922139609,1.6915890247922327,1.674648961208725,1.6062293884014758,1.6026319100799982,1.644268782617074,1.6797403514187135,1.4797403514187137,1.24923578727641,1.04923578727641,0.8671331504906933,0.615825726429494
165,0.10988324770585377,0.33241243577939034,0.4659299486235122,0.7226742791971944,0.7244693905160732,0.6,0.6,0.6,0.4,0.6,0.6,0.6,0.6,0.8,0.8,1.0,1.0,1.0,1.0,1.0,1.0,1.0,1.0496100950616214,1.2214044320330526,1.323999861256318,1.5747991377896553,1.78702846539237,1.7374183703307486,1.7656240333593174,1.6630286041360525,1.626969429797845,1.6313353266948503,1.6313353266948503,1.4313353266948503,1.4065365312325828,1.239745536296816,0.9586686742295544
200,0.7350521121123482,1.1282451872634565,1.063272428643169,1.3723539416560713,1.496843008382094,1.3424000512847378,1.0808351687413815,1.1201588899089778,1.0,1.0,1.0,1.0669525026966074,1.0669525026966074,1.0669525026966074,1.0669525026966074,0.8669525026966074,0.8065483193792653,0.8065483193792653,0.7125224800980271,0.8424821718332574,1.0218592049482431,1.0972772672570108,1.0972772672570108,1.5913031065382488,1.4613434148030187,1.4819663816880326,1.8,1.8,1.4488506822237883,1.3170319844894616,1.3170319844894618,0.9170319844894618,0.9170319844894618,0.9638236969332331,1.09564239466756,1.11955299333445,1.1594039911125997
201,1.0,1.0,1.0,1.0,1.2,1.4,1.6,1.6,1.8,1.6,1.6,1.6,1.8,1.8,2.4,2.4,2.4,2.4,2.60985739966023,2.20985739966023,2.20985739966023,2.2868895956038062,2.2868895956038062,2.077032195943576,2.077032195943576,2.077032195943576,2.4,2.4,2.4,2.4,2.2,1.4,1.4,1.4,1.4,1.5,2.0
204,0.9389093566415655,0.9541820174811741,0.9633456139849393,0.7260485286630374,0.8,0.8,0.8,0.8,1.0,1.0239430517568138,0.9738525956568262,1.0844699712979124,1.1054766090503332,1.1071614977362172,0.9781611515199247,1.0100153179038687,1.069129288396536,1.1255546970762,1.0653880097239532,1.2349386750746358,1.3577145759937532,1.2610416261339157,1.183609579701831,1.842091378368194,1.7775980074769897,1.6730583962739165,1.6,1.6,1.0,0.8106436003723714,0.8106436003723714,0.7500600552609016,0.7500600552609016,0.7275230590097761,0.9168794586374048,0.896099323296756,0.9624383395814576
206,1.7874898215377286,1.8406173661532965,1.8724938929226371,1.7226451593267775,1.8,1.8,1.8,1.8,2.0,1.9967548856475836,1.9195112725450005,2.0284652432092134,2.0720037384579966,2.168067651530257,2.0253782939659275,2.102621907068511,1.993667936404298,1.9501294411555143,1.654065528083254,1.8,1.8682480970539292,1.668248097053929,1.668248097053929,2.268248097053929,2.268248097053929,2.2,2.4,2.2,1.8,1.6,1.6,1.6,1.6,1.6,1.8,1.75,1.6666666666666667
207,1.7000947424901394,1.877214708776602,1.9017717670212817,2.3581729826429503,2.681714921527198,2.4817149215271983,2.6,2.8,2.8,2.706306046223838,2.7949437695708026,2.742522824958621,2.590617967864723,2.503850875366853,2.6028790355552966,2.552158934945255,2.5027964999159096,2.5767646492545504,2.3850958564988387,2.3797616500865564,2.515026085157664,2.587108534232799,2.607946107981311,3.0694694514613494,3.1501590404049926,3.2104695992844263,3.296545370464726,3.353644504471471,3.170557046245015,3.0898674573013722,3.0089223468935957,2.9525475062796884,2.9525475062796884,2.7525475062796887,2.7456638034024055,2.741395371403396,2.6551938285378616
208,0.7775109845719195,0.9383040005205203,0.9757971495275874,1.0228705093127726,1.124284841152339,1.0812042990356998,1.0963342080830623,1.1420608794747187,1.230026465847903,1.2721698577987641,1.3080078917942157,1.270283013940571,1.2159015271976457,1.2623581628905611,1.2827859428263662,1.2634615590728686,1.2911711923603102,1.3395405241531864,1.3395582494570006,1.3075804739566101,1.4149268489116529,1.4131670991234686,1.3906111548801219,1.5568878636588965,1.6409057462089476,1.6699066990035931,1.7568536957946275,1.728894389572328,1.6387348165478333,1.5606251532375681,1.5640588842079253,1.5122460316467796,1.5900484229415282,1.4975603849565755,1.5024410146600566,1.4454478902159122,1.3895544059610028
209,0.3460613069267036,0.5037172259843256,0.5424470534197338,0.3757242169732097,0.31692159557827126,0.37468202033404,0.3878156151920506,0.3742733946544318,0.359009476640711,0.4823789390090275,0.781832879945189,0.7351004707684232,0.962287917421001,1.2688964929192474,1.304506637799081,1.3445883281912425,1.4295545098257338,1.363204238877673,1.480014565098791,1.5046651195780276,1.3354751141822168,1.3649096101858826,1.4781413823867111,1.2781413823867112,1.0464844858833522,1.4761388599508398,1.8,1.6,1.9144031168444058,1.9144031168444058,1.9144031168444058,1.7144031168444058,1.9144031168444058,2.0,2.2504614125363873,2.063076765670484,2.084102354227312
212,0.23836404727051327,0.3813415330526827,0.49122878634477596,0.4744196786082206,0.6136468968097116,0.5730268056946464,0.5388560093203404,0.5443520191316928,0.5913788715127357,0.6056071372295357,0.7151767891016282,0.7341080375336075,0.6425196638772364,0.7954928114961934,0.8069774246402854,0.8345580895759432,0.9734493019339862,1.0594701805087294,1.0884363408125148,1.0631015763827256,1.1342797804003122,1.0666125070776549,1.0805284324453006,1.0515622721415148,1.0718619329349015,1.018039189172897,1.0,1.0,1.0909598667673372,1.112800064111351,1.112800064111351,1.112800064111351,1.112800064111351,1.0218401973440137,0.940313555256653,0.9253919440708163,0.9005225920944216
214,1.0,1.0,1.0,0.8,0.8,0.6,0.6,0.6,0.8,0.8,1.0,1.0,1.0,1.0,1.0,0.8,0.8,0.8,0.8,0.8,1.0,1.0,0.8,0.8,0.8,0.8,0.6,0.8,0.8,0.8,0.6,0.8,0.8,0.8,0.8,1.0,1.0
216,0.0,0.0,0.0,0.0,0.0,0.0,0.0,0.2,0.4,0.6,0.6,0.6,0.4,0.2,0.2,0.2,0.4,0.6,0.6,0.6,0.8,0.8,0.8,1.0,1.0,1.0,1.0,1.0,1.0,1.0,1.0,1.0,1.0,1.0,1.0,1.0,1.0
217,0.3333333333333333,0.5,0.6,0.6,0.6,0.4,0.4,0.4,0.6,0.8,1.0,1.0,1.0,1.0,1.0,0.8,0.8,0.8,0.8,0.8,0.9358053614014462,0.9358053614014462,0.9358053614014462,0.9358053614014462,0.9358053614014462,1.0,1.0,1.0,1.0299155634281305,1.084694843117473,1.084694843117473,1.084694843117473,1.084694843117473,1.0825114917703524,1.0402810528914106,1.0503513161142632,1.067135088152351
219,0.0,0.0,0.2,0.2,0.2,0.2,0.2,0.0,0.2,0.4,0.4,0.6,0.8,0.8,0.8,0.8,0.8,0.8,0.8,0.8,1.0,1.0,1.0,1.0,1.0,1.0,1.0,1.0,1.0,1.0,1.0,1.0,1.0,0.8,0.8,0.75,0.6666666666666666
221,2.4540347052832985,2.6903337174199473,2.648543086723072,2.4446641211301054,2.5808636031903944,2.2180193505118044,2.0304158065700104,2.0626918311140874,2.355776330178445,2.5350612192966504,2.885957548031146,2.866933002015491,3.1471641738335454,3.4119331957095653,3.148689692034522,3.2820013699577744,3.6087833091492456,3.6,3.6,3.8636222806111973,3.8636222806111973,3.8636222806111973,3.4636222806111974,3.4636222806111974,3.6,3.6,3.6,4.0,4.0,4.0,4.0,4.0,4.0,4.0,4.0,4.0,4.0
222,1.5578285262518718,1.6456587902751294,1.6115158404717556,1.6065145659971773,1.6480626050580043,1.4239901022874826,1.6022036014122079,1.7900787910809215,2.061751418345291,2.1817412902549576,2.2392030999361663,2.108150126538814,1.9375455051486756,1.855841223311975,1.838214018368917,1.9412498187265808,1.9122593765302274,2.0,2.0,1.934859996598582,1.934859996598582,1.998505620826321,1.998505620826321,2.398505620826321,2.863645624227739,2.863645624227739,2.8,2.6,2.1888932558679888,2.0337378881762893,2.0337378881762893,1.8337378881762891,2.0337378881762893,1.9547524220061328,1.7615911207683612,1.7019889009604516,1.9359852012806023
224,0.0,-0.046947550205113694,-0.03755804016409096,-0.03755804016409096,-0.04373219421492071,0.05495373018796103,0.1396260057636977,0.24555937772110203,0.38817526033664274,0.5575303477726458,0.5847072449191684,0.7370330872199243,0.8240369345917078,0.8655059025496271,0.9812560352354822,1.0214419209810977,1.041144548097859,1.06524028970031,1.1241054442712495,1.0162285578651615,1.0857571614545791,1.1202126752569126,1.1476364582780914,1.0866482741868178,1.087557562772319,1.2261354888074947,1.2814468924692102,1.254513912168644,1.3090268064763535,1.3418682219070295,1.2154611258907964,1.1632406995247202,1.2194349268363969,1.2216207892794326,1.2650346211096326,1.2716081002578161,1.2676621404651953
225,0.8599502988207636,1.0023456705272933,0.9708890672109588,1.0705005397709948,1.1626795430488532,1.028062396652229,1.0096770316224606,1.1198471538770058,1.1706593469011766,1.2239280472783698,1.2729262420461356,1.3005467363941678,1.2347742180787673,1.259397315298995,1.261908528592722,1.258596622632142,1.2458956147367801,1.2566925604697663,1.2958922316743313,1.2836636990855588,1.3406992560471633,1.3758336229950134,1.4332806652538155,1.6029830144210884,1.7345866387082935,1.7221013733002775,1.7736875701623458,1.6434406747500794,1.5149248519380385,1.460407434627055,1.406962167220809,1.264208870629455,1.3697755985311348,1.2818842920070896,1.1943445769257994,1.2279111557425308,1.2598686313719705
231,0.0,0.0,0.0,0.0,0.0,0.0,0.0,0.0,0.0,0.2,0.2,0.2,0.2,0.2,0.0,0.0,0.0,0.0,0.0,0.08195781840307648,0.23812681634599545,0.31378939998368727,0.36579111713295376,0.7804989283661272,0.9194981086270253,0.8726366870184062,0.9894726209147503,0.9524107309376516,0.5170574773597405,0.3013942842898503,0.4020409005695935,0.34620608606383174,0.4488028103862921,0.46944825273102986,0.6641544471369454,0.5677503181536279,0.5292275858243803
232,0.3333333333333333,0.25,0.4,0.4,0.6,0.4,0.6,0.6,0.6,0.6,0.6,0.6,0.4,0.6,0.6,0.8,0.8,1.0,1.0,0.911700938023551,0.911700938023551,0.911700938023551,0.911700938023551,0.911700938023551,1.2,1.2,1.2,1.2,1.2,1.0,1.0,1.0,1.0,1.0,1.0,1.0,1.0
233,0.3333333333333333,0.5,0.6,0.8,1.0,0.8,0.6,0.6,0.6,0.6,0.6,0.6,0.4,0.2,0.0,0.06250125064951054,0.18559131408006482,0.22498969520939477,0.22498969520939477,0.42498969520939484,0.5713826875494016,0.57007940784428,0.6859209664733699,0.941150278359682,1.051269089141807,0.9144118442999222,0.9483856261435155,0.9715451852219454,0.8494777660289985,0.793915756328748,0.9244234542354839,0.9611133880846398,0.9295406595096576,0.7963787668162923,0.5418219657344177,0.42409658710006143,0.24471128376977913
234,0.3333333333333333,0.5,0.6,0.6,0.8,0.6,0.4,0.4,0.4,0.4,0.4,0.6,0.4,0.6,0.4,0.6,0.6,0.6,0.4,0.6,0.6,0.6,0.8,1.2,1.2,1.0,1.0,0.8,0.4,0.2,0.2,0.0,0.2,0.2,0.2,0.25,0.3333333333333333
235,1.0,1.0,1.0,1.0,1.0,0.8,0.8,0.8,0.8,0.8,0.8,0.8,0.8,0.8,0.8,1.0,1.0,1.0,1.0,1.0,1.2,1.2,1.4,1.8,2.0,1.8,2.0,1.8,1.4378317119950865,1.2378317119950863,1.2378317119950863,0.8378317119950864,0.8490708121144795,0.8112391001193929,0.8112391001193929,0.7640488751492411,1.0187318335323214
236,0.3333333333333333,0.5,0.4,0.4,0.6,0.6,0.4,0.6,0.4,0.4,0.4,0.6,0.4,0.4,0.2,0.19297552471550738,-0.0322960220495174,-0.0534196028739083,-0.13040496743443275,-0.012051161525981135,0.18962992008444102,0.27783818054588993,0.47921277498963255,0.9286318160777581,0.9280045704680946,0.9883914513000921,0.8597103869399267,0.5881274269980763,0.21569375047047515,0.09796719017168706,-0.1570762969862399,-0.09133194632249872,0.0,0.0,0.0,0.0,0.0
238,0.17614157386188922,0.18225904677702687,0.3058214035886347,0.2764431491826514,0.4149444756494744,0.3841393485457116,0.26346000506140044,0.19442871427328318,0.18264394640837445,0.09196991612869262,0.04608337744498107,0.3029310183062878,0.22718573907107492,0.251880478456358,0.2776192928055993,0.3717910690637046,0.3435609109011102,0.4077101498887232,0.37116350163510364,0.38929108700263554,0.4838811278139682,0.4256242439250846,0.5462374087937885,0.7462374087937885,0.650746526366996,0.4898035484300056,0.4,0.20000000000000004,0.026544738420992964,0.026544738420992964,0.026544738420992964,0.026544738420992964,0.00837832491401711,-0.0022134850107483283,-0.0022134850107483283,-0.0027668562634354105,-0.003689141684580547
